Name,Email Addresses,Phone
Billy Josoe,billy@helpinghands.cm,654035939
Derrick Tim,derrick@helpinghands.cm,676834999
Frank Lakens,frank@helpinghands.cm,654231987
Joy Ndi,joy@helpinghands.cm,693452314
Blessing Takem,blessing@helpinghands.cm,659783442
Glory Yaya,glory@helpinghands.cm,699231114
Amandine Eyong,amandine@helpinghands.cm,643278939
Joseph Tata,joseph@helpinghands.cm,634987123
Andrew West,andrew@helpinghands.cm,678234098
Ambe Prosper,ambe@helpinghands.cm,678098123
Ayaba Boris,ayaba@helpinghands.cm,682345999
Namondo Elsie,namondo@helpinghands.cm,678987234
Epule Stanley,epule@helpinghands.cm,612432543
Mbiybe Jersey,mbiybe@helpinghands.cm,623456678
Ngum Henry,ngum@helpinghands.cm,698663233
Tako Juvis,tako@helpinghands.cm,654234119
Brice Anderson,brice@helpinghands.cm,678987345
Sandrine Bisong,sandrine@helpinghands.cm,670234534
Ebot Prosper,ebot@helpinghands.cm,678992345
Asong David,asong@helpinghands.cm,623623409
Tabot Denis,tabot@helpinghands.cm,689098453
Ebong Emmanuel,ebong@helpinghands.cm,674532001
Shey Godfrey,shey@helpinghands.cm,678234112
Anu Paul,anu@helpinghands.cm,677823111
Tata Rodrick,tata@helpinghands.cm,698234543
Jam Peter,jam@helpinghands.cm,609234543
Deitrick Haggai,deitrick@helpinghands.cm,678934222
Munia Solange,munia@helpinghands.cm,687098234
Ebai Divine,ebai@helpinghands.cm,678923445
